{
  "type": "UploadedFiles",
  "managed": false,
  "formatType": "csv",
  "checklists": {
    "checklists": []
  },
  "customMeta": {
    "kv": {}
  },
  "flowOptions": {
    "virtualizable": false,
    "rebuildBehavior": "NORMAL",
    "crossProjectBuildBehavior": "DEFAULT"
  },
  "readWriteOptions": {
    "preserveOrder": false,
    "writeBuckets": 1,
    "forceSingleOutputFile": false,
    "defaultReadOrdering": {
      "enabled": false,
      "rules": []
    }
  },
  "formatParams": {
    "style": "excel",
    "charset": "utf8",
    "separator": ",",
    "quoteChar": "\"",
    "escapeChar": "\\",
    "dateSerializationFormat": "ISO",
    "arrayMapFormat": "json",
    "hiveSeparators": [
      "\u0002",
      "\u0003",
      "\u0004",
      "\u0005",
      "\u0006",
      "\u0007",
      "\b"
    ],
    "skipRowsBeforeHeader": 0,
    "parseHeaderRow": true,
    "skipRowsAfterHeader": 0,
    "probableNumberOfRecords": 60,
    "normalizeBooleans": false,
    "normalizeDoubles": true,
    "readAdditionalColumnsBehavior": "INSERT_IN_DATA_WARNING",
    "readMissingColumnsBehavior": "DISCARD_SILENT",
    "readDataTypeMismatchBehavior": "DISCARD_WARNING",
    "writeDataTypeMismatchBehavior": "DISCARD_WARNING",
    "fileReadFailureBehavior": "FAIL",
    "compress": ""
  },
  "partitioning": {
    "ignoreNonMatchingFile": false,
    "considerMissingRequestedPartitionsAsEmpty": false,
    "dimensions": []
  },
  "versionTag": {
    "versionNumber": 1,
    "lastModifiedBy": {
      "login": "admin"
    },
    "lastModifiedOn": 1543079366568
  },
  "creationTag": {
    "versionNumber": 0,
    "lastModifiedBy": {
      "login": "admin"
    },
    "lastModifiedOn": 1543079366537
  },
  "tags": [],
  "params": {
    "uploadConnection": "Default (in DSS data dir.)",
    "notReadyIfEmpty": false,
    "filesSelectionRules": {
      "mode": "ALL",
      "excludeRules": [],
      "includeRules": [],
      "explicitFiles": []
    }
  },
  "schema": {
    "columns": [
      {
        "name": "case_no",
        "type": "string"
      },
      {
        "name": "decision_date",
        "type": "string"
      },
      {
        "name": "visa_class",
        "type": "string"
      },
      {
        "name": "case_received_date",
        "type": "string"
      },
      {
        "name": "case_status",
        "type": "string"
      },
      {
        "name": "certification_begin_date",
        "type": "string"
      },
      {
        "name": "certification_end_date",
        "type": "string"
      },
      {
        "name": "primary_sub",
        "type": "string"
      },
      {
        "name": "employer_name",
        "type": "string"
      },
      {
        "name": "employer_address1",
        "type": "string"
      },
      {
        "name": "employer_address2",
        "type": "string"
      },
      {
        "name": "employer_city",
        "type": "string"
      },
      {
        "name": "employer_state",
        "type": "string"
      },
      {
        "name": "employer_postal_code",
        "type": "string"
      },
      {
        "name": "employer_country",
        "type": "string"
      },
      {
        "name": "employer_province",
        "type": "string"
      },
      {
        "name": "employer_phone",
        "type": "string"
      },
      {
        "name": "employer_phone_ext",
        "type": "string"
      },
      {
        "name": "lawfirm_name",
        "type": "string"
      },
      {
        "name": "agent_attorney_name",
        "type": "string"
      },
      {
        "name": "agent_attorney_city",
        "type": "string"
      },
      {
        "name": "agent_attorney_state",
        "type": "string"
      },
      {
        "name": "job_title",
        "type": "string"
      },
      {
        "name": "soc_code",
        "type": "string"
      },
      {
        "name": "soc_title",
        "type": "string"
      },
      {
        "name": "primary_crop",
        "type": "string"
      },
      {
        "name": "naic_code",
        "type": "string"
      },
      {
        "name": "nbr_workers_requested",
        "type": "string"
      },
      {
        "name": "nbr_workers_certified",
        "type": "string"
      },
      {
        "name": "full_time",
        "type": "string"
      },
      {
        "name": "nature_of_temporary_need",
        "type": "string"
      },
      {
        "name": "basic_number_of_hours",
        "type": "string"
      },
      {
        "name": "hourly_work_schedule_am",
        "type": "string"
      },
      {
        "name": "hourly_work_schedule_pm",
        "type": "string"
      },
      {
        "name": "basic_rate_of_pay",
        "type": "string"
      },
      {
        "name": "basic_unit_of_pay",
        "type": "string"
      },
      {
        "name": "overtime_rate_from",
        "type": "string"
      },
      {
        "name": "overtime_rate_to",
        "type": "string"
      },
      {
        "name": "supervise_other_emp",
        "type": "string"
      },
      {
        "name": "supervise_how_many",
        "type": "string"
      },
      {
        "name": "education_level",
        "type": "string"
      },
      {
        "name": "other_edu",
        "type": "string"
      },
      {
        "name": "major",
        "type": "string"
      },
      {
        "name": "second_diploma",
        "type": "string"
      },
      {
        "name": "second_diploma_major",
        "type": "string"
      },
      {
        "name": "training_req",
        "type": "string"
      },
      {
        "name": "num_months_training",
        "type": "string"
      },
      {
        "name": "name_reqd_training",
        "type": "string"
      },
      {
        "name": "emp_experience_reqd",
        "type": "string"
      },
      {
        "name": "emp_exp_num_months",
        "type": "string"
      },
      {
        "name": "worksite_city",
        "type": "string"
      },
      {
        "name": "worksite_state",
        "type": "string"
      },
      {
        "name": "worksite_postal_code",
        "type": "string"
      },
      {
        "name": "other_worksite_location",
        "type": "string"
      },
      {
        "name": "organization_flag",
        "type": "string"
      },
      {
        "name": "swa_name",
        "type": "string"
      },
      {
        "name": "job_idnumber",
        "type": "string"
      },
      {
        "name": "job_start_date",
        "type": "string"
      },
      {
        "name": "job_end_date",
        "type": "string"
      },
      {
        "name": "serialid",
        "type": "string"
      }
    ],
    "userModified": true
  },
  "metrics": {
    "probes": [
      {
        "type": "basic",
        "enabled": true,
        "computeOnBuildMode": "PARTITION",
        "meta": {
          "name": "Basic data",
          "level": 0
        },
        "configuration": {}
      },
      {
        "type": "records",
        "enabled": true,
        "computeOnBuildMode": "NO",
        "meta": {
          "name": "Record count",
          "level": 0
        },
        "configuration": {}
      }
    ],
    "engineConfig": {
      "padRunsWithMetrics": false,
      "hive": {
        "active": true,
        "extraConf": []
      },
      "basic": {},
      "dss": {
        "active": true,
        "selection": {
          "useMemTable": false,
          "filter": {
            "distinct": false,
            "enabled": false
          },
          "partitionSelectionMethod": "ALL",
          "latestPartitionsN": 1,
          "ordering": {
            "enabled": false,
            "rules": []
          },
          "samplingMethod": "FULL",
          "maxRecords": -1,
          "targetRatio": 0.02,
          "withinFirstN": -1,
          "maxReadUncompressedBytes": -1
        }
      },
      "sql": {
        "active": true
      },
      "impala": {
        "active": true
      },
      "python": {}
    },
    "displayedState": {
      "columns": [],
      "metrics": [
        "basic:COUNT_COLUMNS",
        "basic:COUNT_FILES",
        "basic:SIZE",
        "records:COUNT_RECORDS"
      ]
    }
  },
  "metricsChecks": {
    "runOnBuild": false,
    "checks": [],
    "displayedState": {
      "checks": []
    }
  }
}