{
  "type": "vstack",
  "neverRecomputeExistingPartitions": false,
  "optionalDependencies": false,
  "customMeta": {
    "kv": {}
  },
  "redispatchPartitioning": false,
  "maxRunningActivities": 0,
  "inputs": {
    "main": {
      "items": [
        {
          "ref": "H_2AVisaApplications_2017_prepared",
          "deps": []
        },
        {
          "ref": "H_2AVisaApplications_2016_prepared",
          "deps": []
        },
        {
          "ref": "H_2AVisaApplications_2015_prepared",
          "deps": []
        }
      ]
    }
  },
  "outputs": {
    "main": {
      "items": [
        {
          "ref": "H_2AVisaApplications_stacked",
          "appendMode": false
        }
      ]
    }
  },
  "versionTag": {
    "versionNumber": 2,
    "lastModifiedBy": {
      "login": "admin"
    },
    "lastModifiedOn": 1542818216018
  },
  "creationTag": {
    "versionNumber": 0,
    "lastModifiedBy": {
      "login": "admin"
    },
    "lastModifiedOn": 1542818070984
  },
  "tags": [],
  "checklists": {
    "checklists": []
  }
}